[{"_id": "67dcfb41a64824dba89a05d1", "customerName": "manoj", "tableNumber": 2, "items": [{"itemName": "Chicken Burger", "quantity": 1, "category": "Burger", "kitchen": "Continental Kitchen", "addonCounts": {}, "selectedCombos": []}, {"itemName": "Cola", "quantity": 1, "category": "Cold Drinks", "kitchen": "Main Kitchen", "addonCounts": {}, "selectedCombos": []}], "pickupTime": "2025-03-21 11:08:30", "created_at": "2025-03-21T05:38:09.005817", "modified_at": "2025-03-21T05:38:30.918967", "imported_at": "2025-04-01T03:42:36.661814"}, {"_id": "67dcfe21a64824dba89a05d2", "customerName": "tharun", "tableNumber": 2, "items": [{"itemName": "Cola", "quantity": 1, "category": "Cold Drinks", "kitchen": "Main Kitchen", "addonCounts": {}, "selectedCombos": []}, {"itemName": "Chicken Burger", "quantity": 1, "category": "Burger", "kitchen": "Continental Kitchen", "addonCounts": {}, "selectedCombos": []}], "pickupTime": "2025-03-21 11:20:31", "created_at": "2025-03-21T05:50:25.879516", "modified_at": "2025-03-21T05:50:31.019294", "imported_at": "2025-04-01T03:42:36.691885"}, {"_id": "67dcfec7a64824dba89a05d3", "customerName": "moidu", "tableNumber": 4, "items": [{"itemName": "Buffalo Sauce", "quantity": 1, "category": "Addons", "kitchen": "Mediterranean Kitchen", "addonCounts": {}, "selectedCombos": []}, {"itemName": "Coffee", "quantity": 1, "category": "Hot Drinks", "kitchen": "Main Kitchen", "addonCounts": {}, "selectedCombos": []}], "pickupTime": "2025-03-21 11:23:15", "created_at": "2025-03-21T05:53:11.000089", "modified_at": "2025-03-21T05:53:15.113555", "imported_at": "2025-04-01T03:42:36.693105"}, {"_id": "67dcff62a64824dba89a05d4", "customerName": "manoj", "tableNumber": 4, "items": [{"itemName": "Chicken Burger", "quantity": 1, "category": "Burger", "kitchen": "Continental Kitchen", "addonCounts": {"Buffalo Sauce": 50}, "selectedCombos": []}, {"itemName": "Chicken Burger", "quantity": 1, "category": "Burger", "kitchen": "Continental Kitchen", "addonCounts": {}, "selectedCombos": []}, {"itemName": "Chicken Burger", "quantity": 1, "category": "Burger", "kitchen": "Continental Kitchen", "addonCounts": {}, "selectedCombos": []}, {"itemName": "Cola", "quantity": 1, "category": "Cold Drinks", "kitchen": "Main Kitchen", "addonCounts": {}, "selectedCombos": []}], "pickupTime": "2025-03-21 12:08:22", "created_at": "2025-03-21T05:55:46.790941", "modified_at": "2025-03-21T06:38:22.308386", "imported_at": "2025-04-01T03:42:36.694340"}, {"_id": "67dcffa2a64824dba89a05d5", "customerName": "tharun", "tableNumber": 3, "items": [{"itemName": "Watermelon", "quantity": 1, "category": "Juice", "kitchen": "Main Kitchen", "addonCounts": {}, "selectedCombos": []}, {"itemName": "Coffee", "quantity": 1, "category": "Hot Drinks", "kitchen": "Main Kitchen", "addonCounts": {}, "selectedCombos": []}, {"itemName": "Cola", "quantity": 1, "category": "Cold Drinks", "kitchen": "Main Kitchen", "addonCounts": {}, "selectedCombos": []}], "pickupTime": "2025-03-21 11:26:53", "created_at": "2025-03-21T05:56:50.177169", "modified_at": "2025-03-21T05:56:53.059617", "imported_at": "2025-04-01T03:42:36.695581"}, {"_id": "67dd0555a64824dba89a05d6", "customerName": "moidu", "tableNumber": 2, "items": [{"itemName": "Chicken Burger", "quantity": 1, "category": "Burger", "kitchen": "Continental Kitchen", "addonCounts": {"Patty": 30, "Buffalo Sauce": 30}, "selectedCombos": [{"name1": "Cola", "price": 50, "combo_image": "/static/uploads/Cola.jpeg", "size": "S", "quantity": 1, "selectedVariant": null}, {"name1": "Black Tea", "price": 20, "combo_image": "/static/uploads/black_tea.jpg", "size": "M", "quantity": 1, "selectedVariant": null}, {"name1": "French Fries", "price": 70, "combo_image": "/static/uploads/image.png", "size": "M", "quantity": 1, "selectedVariant": null}]}], "pickupTime": "2025-03-21 11:51:09", "created_at": "2025-03-21T06:21:09.502585", "imported_at": "2025-04-01T03:42:36.696828"}, {"_id": "67dd0b52a64824dba89a05da", "customerName": "manoj", "tableNumber": 1, "items": [{"itemName": "Chicken Burger", "quantity": 1, "category": "Burger", "kitchen": "Continental Kitchen", "addonCounts": {"Patty": 50, "Buffalo Sauce": 50}, "selectedCombos": []}, {"itemName": "Chicken Burger", "quantity": 1, "category": "Burger", "kitchen": "Continental Kitchen", "addonCounts": {"Patty": 50, "Buffalo Sauce": 50}, "selectedCombos": []}], "pickupTime": "2025-03-27 09:59:40", "created_at": "2025-03-21T06:46:42.625065", "modified_at": "2025-03-27T04:29:40.586037", "imported_at": "2025-04-01T03:42:36.698105"}, {"_id": "67e0eceaec981e1225f01be8", "customerName": "manoj", "tableNumber": "N/A", "items": [{"itemName": "Chicken Burger", "quantity": 2, "category": "Burger", "kitchen": "Continental Kitchen", "addonCounts": {"Patty": 30, "Buffalo Sauce": 30}, "selectedCombos": [{"name1": "Cola", "price": 50, "combo_image": "/static/uploads/cola.png", "size": "S", "quantity": 1, "selectedVariant": null}, {"name1": "Black Tea", "price": 20, "combo_image": "/static/uploads/Black_Tea.png", "size": "M", "quantity": 2, "selectedVariant": null}, {"name1": "French Fries", "price": 100, "combo_image": "/static/uploads/French-Fries.png", "size": "M", "quantity": 1, "selectedVariant": {"type": "spicy", "image": "/static/uploads/French-Fries.png"}}]}, {"itemName": "Chicken Burger", "quantity": 1, "category": "Burger", "kitchen": "Continental Kitchen", "addonCounts": {"Buffalo Sauce": 50, "Patty": 50}, "selectedCombos": [{"name1": "Cola", "price": 80, "combo_image": "/static/uploads/cola.png", "size": "M", "quantity": 1, "selectedVariant": null}, {"name1": "Black Tea", "price": 20, "combo_image": "/static/uploads/Black_Tea.png", "size": "M", "quantity": 1, "selectedVariant": null}, {"name1": "French Fries", "price": 100, "combo_image": "/static/uploads/French-Fries.png", "size": "M", "quantity": 1, "selectedVariant": {"type": "Non-Soicy", "image": "/static/uploads/French-Fries.png"}}]}], "pickupTime": "2025-03-24 11:26:55", "created_at": "2025-03-24T05:26:02.115666", "modified_at": "2025-03-24T05:56:55.475201", "imported_at": "2025-04-01T03:42:36.699329"}, {"_id": "67ef74ce080bfb5baab6c39b", "customerName": "ma", "tableNumber": "N/A", "items": [{"itemName": "Buffalo Sauce", "quantity": 1, "category": "Addons", "kitchen": "Mediterranean Kitchen", "addonCounts": {}, "selectedCombos": []}], "pickupTime": "2025-04-04 11:27:34", "created_at": "2025-04-04T05:57:34.403370"}]