[{"_id": "67d2a4c0c7c505450dd25efa", "period_start_date": "2025-03-12", "posting_date": "2025-03-13", "company": "MyCompany", "user": "bearer", "balance_details": [{"mode_of_payment": "Cash", "opening_amount": 10000}], "status": "Draft", "docstatus": 0, "creation": "2025-03-13T14:56:24.250996", "modified": "2025-03-13T14:56:24.250996", "name": "OPEN-1741857984", "pos_profile": "POS-001", "imported_at": "2025-04-01T03:46:15.131500"}, {"_id": "67d3dedfd48d0f59f5dbd481", "period_start_date": "2025-03-14", "posting_date": "2025-03-14", "company": "MyCompany", "user": "bearer", "balance_details": [{"mode_of_payment": "Cash", "opening_amount": 10000}], "status": "Draft", "docstatus": 0, "creation": "2025-03-14T13:16:39.796658", "modified": "2025-03-14T13:16:39.796658", "name": "OPEN-1741938399", "pos_profile": "POS-001", "imported_at": "2025-04-01T03:46:15.147235"}, {"_id": "67d3e881d48d0f59f5dbd483", "period_start_date": "2025-03-14", "posting_date": "2025-03-14", "company": "MyCompany", "user": "bearer", "balance_details": [{"mode_of_payment": "Credit Card", "opening_amount": 10000}], "status": "Draft", "docstatus": 0, "creation": "2025-03-14T13:57:45.580106", "modified": "2025-03-14T13:57:45.580106", "name": "OPEN-1741940865", "pos_profile": "POS-001", "imported_at": "2025-04-01T03:46:15.147881"}, {"_id": "67d3f48f955cb240681e623f", "period_start_date": "2025-03-14", "posting_date": "2025-03-14", "company": "MyCompany", "user": "bearer", "balance_details": [{"mode_of_payment": "Cash", "opening_amount": 2000}, {"mode_of_payment": "Credit Card", "opening_amount": 3000}, {"mode_of_payment": "UPI", "opening_amount": 4000}], "status": "Draft", "docstatus": 0, "creation": "2025-03-14T14:49:11.739437", "modified": "2025-03-14T14:49:11.739437", "name": "OPEN-1741943951", "pos_profile": "POS-001", "imported_at": "2025-04-01T03:46:15.148556"}, {"_id": "67d4095d955cb240681e624a", "period_start_date": "2025-03-22", "posting_date": "2025-03-14", "company": "MyCompany", "user": "bearer", "balance_details": [{"mode_of_payment": "Cash", "opening_amount": 12000}], "status": "Draft", "docstatus": 0, "creation": "2025-03-14T16:17:57.592520", "modified": "2025-03-14T16:17:57.592520", "name": "OPEN-1741949277", "pos_profile": "POS-001", "imported_at": "2025-04-01T03:46:15.149184"}, {"_id": "67d4ffbb14fdeb5b544f1900", "period_start_date": "2025-03-15", "posting_date": "2025-03-15", "company": "pos 8", "user": "manoj", "balance_details": [{"mode_of_payment": "Cash", "opening_amount": 12000}], "status": "Draft", "docstatus": 0, "creation": "2025-03-15T09:49:07.409259", "modified": "2025-03-15T09:49:07.409259", "name": "OPEN-1742012347", "pos_profile": "POS-001", "imported_at": "2025-04-01T03:46:15.149803"}, {"_id": "67db996525a3b74262532d79", "period_start_date": "2025-03-20", "posting_date": "2025-03-20", "company": "POS 8", "user": "bearer", "balance_details": [{"mode_of_payment": "Cash", "opening_amount": 20000}], "status": "Draft", "docstatus": 0, "creation": "2025-03-20T04:28:21.295723", "modified": "2025-03-20T04:28:21.295723", "name": "OPEN-1742444901", "pos_profile": "POS-001", "imported_at": "2025-04-01T03:46:15.150467"}, {"_id": "67e11f97ec981e1225f01bf1", "period_start_date": "2025-03-24", "posting_date": "2025-03-24", "company": "POS 8", "user": "bearer", "balance_details": [{"mode_of_payment": "Cash", "opening_amount": 20000}], "status": "Draft", "docstatus": 0, "creation": "2025-03-24T09:02:15.264248", "modified": "2025-03-24T09:02:15.264248", "name": "OPEN-1742806935", "pos_profile": "POS-001", "imported_at": "2025-04-01T03:46:15.151090"}, {"_id": "67e3e749d36971336243f1ed", "period_start_date": "2025-03-26", "posting_date": "2025-03-26", "company": "POS 8", "user": "bearer", "balance_details": [{"mode_of_payment": "Cash", "opening_amount": 1000}], "status": "Draft", "docstatus": 0, "creation": "2025-03-26T11:38:49.420705", "modified": "2025-03-26T11:38:49.420705", "name": "OPEN-1742989129", "pos_profile": "POS-001", "imported_at": "2025-04-01T03:46:15.151675"}, {"_id": "67e4d2ce70000eb694bf74ae", "period_start_date": "2025-03-27", "posting_date": "2025-03-27", "company": "POS 8", "user": "bearer", "balance_details": [{"mode_of_payment": "Cash", "opening_amount": 20000}], "status": "Draft", "docstatus": 0, "creation": "2025-03-27T04:23:42.648342", "modified": "2025-03-27T04:23:42.648342", "name": "OPEN-1743049422", "pos_profile": "POS-001", "imported_at": "2025-04-01T03:46:15.152315"}, {"_id": "67e4e8959f2480e46fff23d2", "period_start_date": "2025-03-27", "posting_date": "2025-03-27", "company": "POS 8", "user": "bearer", "balance_details": [{"mode_of_payment": "Cash", "opening_amount": 2000}], "status": "Draft", "docstatus": 0, "creation": "2025-03-27T05:56:37.847871", "modified": "2025-03-27T05:56:37.847871", "name": "OPEN-1743054997", "pos_profile": "POS-001", "imported_at": "2025-04-01T03:46:15.152954"}, {"_id": "67e52ed9f70fdda8945251af", "period_start_date": "2025-03-27", "posting_date": "2025-03-27", "company": "POS 8", "user": "bearer", "balance_details": [{"mode_of_payment": "Cash", "opening_amount": 2000}], "status": "Draft", "docstatus": 0, "creation": "2025-03-27T10:56:25.308397", "modified": "2025-03-27T10:56:25.308397", "name": "OPEN-1743072985", "pos_profile": "POS-001", "imported_at": "2025-04-01T03:46:15.153510"}, {"_id": "67ee5f07326341de2d363060", "period_start_date": "2025-04-03", "posting_date": "2025-04-03", "company": "POS 8", "user": "bearer", "balance_details": [{"mode_of_payment": "Cash", "opening_amount": 100.0}], "status": "Draft", "docstatus": 0, "creation": "2025-04-03T10:12:23.575569", "modified": "2025-04-03T10:12:23.575569", "name": "OPEN-1743675143", "pos_profile": "POS-001"}, {"_id": "67ee7407bd4c6441dacd78d6", "period_start_date": "2025-04-03", "posting_date": "2025-04-03", "company": "POS 8", "user": "bearer", "balance_details": [{"mode_of_payment": "Credit Card", "opening_amount": 1000.0}], "status": "Draft", "docstatus": 0, "creation": "2025-04-03T11:41:59.613530+00:00", "modified": "2025-04-03T11:41:59.613530+00:00", "name": "OPEN-1743680519", "pos_profile": "POS-001"}, {"_id": "67ef6a4977b8dbf91d59af11", "period_start_date": "2025-04-04", "posting_date": "2025-04-04", "company": "POS 8", "user": "bearer", "balance_details": [{"mode_of_payment": "Cash", "opening_amount": 1000.0}], "status": "Draft", "docstatus": 0, "creation": "2025-04-04T05:12:41.390898", "modified": "2025-04-04T05:12:41.390898", "name": "OPEN-1743743561", "pos_profile": "POS-001"}, {"_id": "67ef6abe77b8dbf91d59af12", "period_start_date": "2025-04-04", "posting_date": "2025-04-04", "company": "POS 8", "user": "bearer", "balance_details": [{"mode_of_payment": "Cash", "opening_amount": 1000.0}], "status": "Draft", "docstatus": 0, "creation": "2025-04-04T05:14:38.027718", "modified": "2025-04-04T05:14:38.027718", "name": "OPEN-1743743678", "pos_profile": "POS-001"}, {"_id": "67ef6b0577b8dbf91d59af13", "period_start_date": "2025-04-04", "posting_date": "2025-04-04", "company": "POS 8", "user": "bearer", "balance_details": [{"mode_of_payment": "Cash", "opening_amount": 1000.0}], "status": "Draft", "docstatus": 0, "creation": "2025-04-04T05:15:49.504492", "modified": "2025-04-04T05:15:49.504492", "name": "OPEN-1743743749", "pos_profile": "POS-001"}, {"_id": "67ef6b3977b8dbf91d59af14", "period_start_date": "2025-04-04", "posting_date": "2025-04-04", "company": "POS 8", "user": "bearer", "balance_details": [{"mode_of_payment": "Cash", "opening_amount": 1000.0}], "status": "Draft", "docstatus": 0, "creation": "2025-04-04T05:16:41.307666", "modified": "2025-04-04T05:16:41.307666", "name": "OPEN-1743743801", "pos_profile": "POS-001"}, {"_id": "67ef6ed454289c7bee353266", "period_start_date": "2025-04-04", "posting_date": "2025-04-04", "company": "POS 8", "user": "bearer", "balance_details": [{"mode_of_payment": "Cash", "opening_amount": 1000.0}], "status": "Draft", "docstatus": 0, "creation": "2025-04-04T05:32:04.164896", "modified": "2025-04-04T05:32:04.164896", "name": "OPEN-1743744724", "pos_profile": "POS-001"}, {"_id": "67ef724e080bfb5baab6c396", "period_start_date": "2025-04-04", "posting_date": "2025-04-04", "company": "POS 8", "user": "bearer", "balance_details": [{"mode_of_payment": "Cash", "opening_amount": 1000.0}], "status": "Draft", "docstatus": 0, "creation": "2025-04-04T05:46:54.465216", "modified": "2025-04-04T05:46:54.465216", "name": "OPEN-1743745614", "pos_profile": "POS-001"}, {"_id": "67ef8d55096c23ded2f8a9aa", "period_start_date": "2025-04-04", "posting_date": "2025-04-04", "company": "POS 8", "user": "bearer", "balance_details": [{"mode_of_payment": "Cash", "opening_amount": 10000.0}], "status": "Draft", "docstatus": 0, "creation": "2025-04-04T07:42:13.595222", "modified": "2025-04-04T07:42:13.595222", "name": "OPEN-1743752533", "pos_profile": "POS-001"}]