[{"_id": "67d2a80cc7c505450dd25efc", "customer_name": "manoj", "building_name": "kyle solution", "flat_villa_no": "21", "location": "kozhikode", "phone_number": "+918921083090", "whatsapp_number": "8921083090", "email": "manojmanoj88680@gmail.com", "modified_at": "2025-03-27T04:22:05.350556", "imported_at": "2025-04-01T03:42:14.591066"}, {"_id": "67d2cd7245ab382e34b7cd95", "customer_name": "tharun", "building_name": "tharu", "flat_villa_no": "23", "location": "Tamilnadu", "phone_number": "+916381360779", "whatsapp_number": "6381360779", "email": "tharumanoj143143@gmail.com", "modified_at": "2025-03-28T05:36:18.830082", "imported_at": "2025-04-01T03:42:14.625978"}, {"_id": "67db99e025a3b74262532d7a", "customer_name": "moidu", "building_name": "kyle solution", "flat_villa_no": "21", "location": "kerala", "phone_number": "+911234567890", "whatsapp_number": "1234567892", "email": "tests1@gmail.com", "created_at": "2025-03-20T04:30:24.887456", "modified_at": "2025-04-04T11:23:13.114825", "imported_at": "2025-04-01T03:42:14.627085"}]