[{"_id": "63ed9d1b8e3b70c5f1e9e8af", "item_code": "Patty", "item_name": "Patty", "item_group": "Addons", "name": "Patty", "custom_addon_applicable": false, "custom_combo_applicable": false, "custom_total_calories": 0, "custom_total_protein": 0, "kitchen": "Continental Kitchen", "price_list_rate": 50, "ingredients": [{"ingredients_name": "sdjfhgbsd", "calories": 100, "protein": 300}], "addons": [{"name1": "Black Tea", "addon_price": 20, "addon_image": "Black_Tea.png", "has_variant_pricing": false, "variant_prices": {"small_price": 0, "medium_price": 0, "large_price": 0}, "variant_quantities": {"small_quantity": 0, "medium_quantity": 0, "large_quantity": 0}, "sold_quantities": {"small_sold": 0, "medium_sold": 0, "large_sold": 0}}, {"name1": "Cola", "addon_price": 80, "addon_image": "cola.png", "has_variant_pricing": false, "variant_prices": {"small_price": 0, "medium_price": 0, "large_price": 0}, "variant_quantities": {"small_quantity": 0, "medium_quantity": 0, "large_quantity": 0}, "sold_quantities": {"large_sold": 0, "medium_sold": 0, "small_sold": 0}}], "combos": [{"name1": "Black Tea", "combo_price": 20, "combo_image": "Black_Tea.png", "has_variant_pricing": false, "variant_prices": {"small_price": 0, "medium_price": 0, "large_price": 0}, "variant_quantities": {"small_quantity": 0, "medium_quantity": 0, "large_quantity": 0}, "sold_quantities": {"large_sold": 0, "medium_sold": 0, "small_sold": 0}}], "custom_fields": [], "has_variant_pricing": true, "variant_prices": {"small_price": 20, "medium_price": 50, "large_price": 70}, "variants": [{"type_of_variants": "spicy", "variant_image": "French-Fries.png"}], "variant_quantities": {"small_quantity": 10, "medium_quantity": 20, "large_quantity": 30}, "calories": 0, "category": "Addons", "id": "63ed9d1b8e3b70c5f1e9e8af", "price": 50, "protein": 0, "sold_quantities": {"large_sold": 5, "medium_sold": 4, "small_sold": 2}, "ice_preference": "without_ice", "ice_price": 0, "image": "patty.png", "modified_at": "2025-04-02T06:57:00.292816", "imported_at": "2025-04-01T03:42:22.066080"}, {"_id": "63ed9d1b8e3b70c5f1e9e8b0", "item_code": "Chicken Burger", "item_name": "Chicken Burger", "item_group": "Burger", "image": "burger.png", "name": "Chicken Burger", "custom_addon_applicable": 1, "custom_combo_applicable": 1, "custom_total_calories": 60, "custom_total_protein": 37, "kitchen": "Continental Kitchen", "price_list_rate": 120, "addons": [{"name1": "Patty", "addon_price": 50, "addon_image": "patty.png", "has_variant_pricing": true, "variant_prices": {"small_price": 30, "medium_price": 50, "large_price": 80}, "variant_quantities": {"small_quantity": 30, "medium_quantity": 20, "large_quantity": 10}, "sold_quantities": {"large_sold": 0, "medium_sold": 0, "small_sold": 0}}, {"name1": "Buffalo Sauce", "addon_price": 50, "addon_image": "Buffalo_Sauce.png", "has_variant_pricing": true, "variant_prices": {"small_price": 30, "medium_price": 50, "large_price": 80}, "variant_quantities": {"small_quantity": 30, "medium_quantity": 20, "large_quantity": 10}, "sold_quantities": {"large_sold": 0, "medium_sold": 0, "small_sold": 0}}], "combos": [{"name1": "Cola", "combo_price": 80, "combo_image": "cola.png", "has_variant_pricing": true, "variant_prices": {"small_price": 50, "medium_price": 80, "large_price": 120}, "variant_quantities": {"small_quantity": 20, "medium_quantity": 30, "large_quantity": 40}, "sold_quantities": {"large_sold": 0, "medium_sold": 0, "small_sold": 0}}, {"name1": "Black Tea", "combo_price": 20, "combo_image": "Black_Tea.png", "has_variant_pricing": false, "variant_prices": {"small_price": 0, "medium_price": 0, "large_price": 0}, "variant_quantities": {"small_quantity": 0, "medium_quantity": 0, "large_quantity": 0}, "sold_quantities": {"large_sold": 0, "medium_sold": 0, "small_sold": 0}}, {"name1": "French Fries", "combo_price": 100, "combo_image": "French-Fries.png", "has_variant_pricing": false, "variant_prices": {"small_price": 0, "medium_price": 0, "large_price": 0}, "variant_quantities": {"small_quantity": 0, "medium_quantity": 0, "large_quantity": 0}, "sold_quantities": {"large_sold": 0, "medium_sold": 0, "small_sold": 0}}, {"name1": "7 Up", "combo_price": 70, "combo_image": "7_Up.png", "has_variant_pricing": true, "variant_prices": {"small_price": 50, "medium_price": 70, "large_price": 100}, "variant_quantities": {"small_quantity": 10, "medium_quantity": 20, "large_quantity": 27}, "sold_quantities": {"large_sold": 0, "medium_sold": 0, "small_sold": 0}}], "ingredients": [{"ingredients_name": "potato", "calories": 10, "protein": 10}, {"ingredients_name": "Chicken", "calories": 50, "protein": 27}], "custom_fields": [], "has_variant_pricing": true, "sold_quantities": {"large_sold": 0, "medium_sold": 0, "small_sold": 0}, "variant_prices": {"small_price": 80, "medium_price": 120, "large_price": 180}, "variant_quantities": {"small_quantity": 20, "medium_quantity": 40, "large_quantity": 10}, "variants": [{"type_of_variants": "spicy", "variant_image": "French-Fries.png"}, {"type_of_variants": "Non-Soicy", "variant_image": "French-Fries.png"}], "ice_preference": "without_ice", "ice_price": 0, "modified_at": "2025-03-28T05:39:11.930662", "imported_at": "2025-04-01T03:42:22.081136"}, {"_id": "63ed9d1b8e3b70c5f1e9e8b1", "item_code": "Buffalo Sauce", "item_name": "Buffalo Sauce", "item_group": "Addons", "image": "Buffalo_Sauce.png", "name": "Buffalo Sauce", "custom_addon_applicable": 0, "custom_combo_applicable": 0, "custom_total_calories": 0, "custom_total_protein": 0, "kitchen": "Mediterranean Kitchen", "price_list_rate": 50, "ingredients": [], "addons": [], "combos": [], "custom_fields": [], "has_variant_pricing": false, "ice_preference": "without_ice", "ice_price": 0, "sold_quantities": {"large_sold": 0, "medium_sold": 0, "small_sold": 0}, "variant_prices": {"small_price": 0, "medium_price": 0, "large_price": 0}, "variant_quantities": {"small_quantity": 0, "medium_quantity": 0, "large_quantity": 0}, "variants": [], "modified_at": "2025-04-04T10:04:16.456537", "imported_at": "2025-04-01T03:42:22.082097"}, {"_id": "63ed9d1b8e3b70c5f1e9e8b2", "item_code": "Pizza", "item_name": "Pizza", "item_group": "Pizza", "image": "Pizza.png", "name": "Pizza", "custom_addon_applicable": 1, "custom_combo_applicable": 1, "custom_total_calories": 0, "custom_total_protein": 0, "kitchen": "Continental Kitchen", "price_list_rate": 150, "addons": [{"name1": "Buffalo Sauce", "addon_price": 50, "addon_image": "Buffalo_Sauce.png", "has_variant_pricing": false, "variant_prices": {"small_price": 0, "medium_price": 0, "large_price": 0}, "variant_quantities": {"small_quantity": 0, "medium_quantity": 0, "large_quantity": 0}, "sold_quantities": {"large_sold": 0, "medium_sold": 0, "small_sold": 0}}], "combos": [], "ingredients": [], "custom_fields": [], "has_variant_pricing": false, "ice_preference": "without_ice", "ice_price": 0, "sold_quantities": {"large_sold": 0, "medium_sold": 0, "small_sold": 0}, "variant_prices": {"small_price": 0, "medium_price": 0, "large_price": 0}, "variant_quantities": {"small_quantity": 0, "medium_quantity": 0, "large_quantity": 0}, "variants": [], "modified_at": "2025-03-25T09:49:31.795941", "imported_at": "2025-04-01T03:42:22.082694"}, {"_id": "63ed9d1b8e3b70c5f1e9e8b3", "item_code": "Chicken Biriyani", "item_name": "Chicken Biriyani", "item_group": "Biriyani", "image": "Chicken_Biriyani.png", "name": "Chicken Biriyani", "custom_addon_applicable": 0, "custom_combo_applicable": 0, "custom_total_calories": 0, "custom_total_protein": 0, "kitchen": "Prepared Food Kitchen", "price_list_rate": 150, "ingredients": [], "addons": [{"name1": "Buffalo Sauce", "addon_price": 50, "addon_image": "Buffalo_Sauce.png", "has_variant_pricing": true, "variant_prices": {"small_price": 30, "medium_price": 40, "large_price": 120}, "variant_quantities": {"small_quantity": 70, "medium_quantity": 100, "large_quantity": 50}, "sold_quantities": {"large_sold": 0, "medium_sold": 0, "small_sold": 0}}], "combos": [], "custom_fields": [], "has_variant_pricing": false, "sold_quantities": {"large_sold": 0, "medium_sold": 0, "small_sold": 0}, "variant_prices": {"small_price": 0, "medium_price": 0, "large_price": 0}, "variant_quantities": {"small_quantity": 0, "medium_quantity": 0, "large_quantity": 0}, "variants": [], "ice_preference": "without_ice", "ice_price": 0, "modified_at": "2025-03-25T09:49:44.081419", "imported_at": "2025-04-01T03:42:22.083258"}, {"_id": "63ed9d1b8e3b70c5f1e9e8b4", "item_code": "7 Up", "item_name": "7 Up", "item_group": "Drinks", "image": "7_Up.png", "name": "7 Up", "custom_addon_applicable": 0, "custom_combo_applicable": 0, "custom_total_calories": 0, "custom_total_protein": 0, "kitchen": null, "price_list_rate": 70, "ingredients": [], "addons": [], "combos": [], "custom_fields": [], "has_variant_pricing": true, "sold_quantities": {"large_sold": 0, "medium_sold": 0, "small_sold": 0}, "variant_prices": {"small_price": 50, "medium_price": 70, "large_price": 100}, "variant_quantities": {"small_quantity": 20, "medium_quantity": 30, "large_quantity": 40}, "variants": [], "ice_preference": "without_ice", "ice_price": 0, "modified_at": "2025-04-04T11:23:33.099150", "imported_at": "2025-04-01T03:42:22.083773"}, {"_id": "63ed9d1b8e3b70c5f1e9e8b5", "item_code": "Cola", "item_name": "Cola", "item_group": "Cold Drinks", "image": "cola.png", "name": "Cola", "custom_addon_applicable": 0, "custom_combo_applicable": 0, "custom_total_calories": 0, "custom_total_protein": 0, "kitchen": null, "price_list_rate": 80, "ingredients": [], "addons": [], "combos": [], "custom_fields": [], "has_variant_pricing": true, "ice_preference": "with_ice", "ice_price": 30, "sold_quantities": {"large_sold": 0, "medium_sold": 0, "small_sold": 0}, "variant_prices": {"small_price": 50, "medium_price": 80, "large_price": 110}, "variant_quantities": {"small_quantity": 10, "medium_quantity": 20, "large_quantity": 30}, "variants": [], "modified_at": "2025-03-25T09:50:15.359250", "imported_at": "2025-04-01T03:42:22.084261"}, {"_id": "63ed9d1b8e3b70c5f1e9e8b6", "item_code": "Coffee", "item_name": "Coffee", "item_group": "Hot Drinks", "image": "Coffee.png", "name": "Coffee", "custom_addon_applicable": 0, "custom_combo_applicable": 0, "custom_total_calories": 0, "custom_total_protein": 0, "kitchen": null, "price_list_rate": 35, "ingredients": [], "addons": [], "combos": [], "custom_fields": [], "has_variant_pricing": false, "ice_preference": "without_ice", "ice_price": 0, "sold_quantities": {"large_sold": 0, "medium_sold": 0, "small_sold": 0}, "variant_prices": {"small_price": 0, "medium_price": 0, "large_price": 0}, "variant_quantities": {"small_quantity": 0, "medium_quantity": 0, "large_quantity": 0}, "variants": [], "modified_at": "2025-03-25T09:50:30.510663", "imported_at": "2025-04-01T03:42:22.084740"}, {"_id": "63ed9d1b8e3b70c5f1e9e8b7", "item_code": "Tea", "item_name": "Tea", "item_group": "Hot Drinks", "image": "Tea.png", "name": "Tea", "custom_addon_applicable": 0, "custom_combo_applicable": 0, "custom_total_calories": 0, "custom_total_protein": 0, "kitchen": null, "price_list_rate": 30, "ingredients": [], "addons": [{"name1": "French Fries", "addon_price": 100, "addon_image": "French-Fries.png", "has_variant_pricing": false, "variant_prices": {"small_price": 0, "medium_price": 0, "large_price": 0}, "variant_quantities": {"small_quantity": 0, "medium_quantity": 0, "large_quantity": 0}, "sold_quantities": {"small_sold": 0, "medium_sold": 0, "large_sold": 0}}], "combos": [], "custom_fields": [], "has_variant_pricing": false, "ice_preference": "without_ice", "ice_price": 0, "sold_quantities": {"large_sold": 0, "medium_sold": 0, "small_sold": 0}, "variant_prices": {"small_price": 0, "medium_price": 0, "large_price": 0}, "variant_quantities": {"small_quantity": 0, "medium_quantity": 0, "large_quantity": 0}, "variants": [], "modified_at": "2025-03-27T10:13:26.338365", "imported_at": "2025-04-01T03:42:22.085220"}, {"_id": "63ed9d1b8e3b70c5f1e9e8b8", "item_code": "Black Tea", "item_name": "Black Tea", "item_group": "Hot Drinks", "image": "Black_Tea.png", "name": "Black Tea", "custom_addon_applicable": 0, "custom_combo_applicable": 0, "custom_total_calories": 0, "custom_total_protein": 0, "kitchen": null, "price_list_rate": 20, "ingredients": [], "addons": [], "combos": [], "custom_fields": [], "has_variant_pricing": false, "ice_preference": "without_ice", "ice_price": 0, "sold_quantities": {"large_sold": 0, "medium_sold": 0, "small_sold": 0}, "variant_prices": {"small_price": 0, "medium_price": 0, "large_price": 0}, "variant_quantities": {"small_quantity": 0, "medium_quantity": 0, "large_quantity": 0}, "variants": [], "modified_at": "2025-03-25T09:50:59.657836", "imported_at": "2025-04-01T03:42:22.085707"}, {"_id": "63ed9d1b8e3b70c5f1e9e8b9", "item_code": "Watermelon", "item_name": "Watermelon", "item_group": "Juice", "image": "Watermelon.png", "name": "Watermelon", "custom_addon_applicable": 0, "custom_combo_applicable": 0, "custom_total_calories": 0, "custom_total_protein": 0, "kitchen": null, "price_list_rate": 130, "ingredients": [], "addons": [], "combos": [], "custom_fields": [], "has_variant_pricing": false, "ice_preference": "with_ice", "ice_price": 30, "sold_quantities": {"large_sold": 0, "medium_sold": 0, "small_sold": 0}, "variant_prices": {"small_price": 0, "medium_price": 0, "large_price": 0}, "variant_quantities": {"small_quantity": 0, "medium_quantity": 0, "large_quantity": 0}, "variants": [], "modified_at": "2025-03-25T09:51:12.987205", "imported_at": "2025-04-01T03:42:22.086183"}, {"_id": "63ed9d1b8e3b70c5f1e9e8ba", "item_code": "Pineapple", "item_name": "Pineapple", "item_group": "Juice", "image": "Pinapple.png", "name": "Pineapple", "custom_addon_applicable": 0, "custom_combo_applicable": 0, "custom_total_calories": 0, "custom_total_protein": 0, "kitchen": null, "price_list_rate": 120, "ingredients": [], "addons": [], "combos": [], "custom_fields": [], "has_variant_pricing": false, "ice_preference": "without_ice", "ice_price": 0, "sold_quantities": {"large_sold": 0, "medium_sold": 0, "small_sold": 0}, "variant_prices": {"small_price": 0, "medium_price": 0, "large_price": 0}, "variant_quantities": {"small_quantity": 0, "medium_quantity": 0, "large_quantity": 0}, "variants": [], "modified_at": "2025-03-25T09:51:28.419963", "imported_at": "2025-04-01T03:42:22.086657"}, {"_id": "63ed9d1b8e3b70c5f1e9e8bb", "item_code": "Grape", "item_name": "Grape", "item_group": "Juice", "image": "grape.png", "name": "Grape", "custom_addon_applicable": 0, "custom_combo_applicable": 0, "custom_total_calories": 0, "custom_total_protein": 0, "kitchen": null, "price_list_rate": 120, "ingredients": [], "addons": [], "combos": [], "custom_fields": [], "has_variant_pricing": false, "ice_preference": "without_ice", "ice_price": 0, "sold_quantities": {"large_sold": 0, "medium_sold": 0, "small_sold": 0}, "variant_prices": {"small_price": 0, "medium_price": 0, "large_price": 0}, "variant_quantities": {"small_quantity": 0, "medium_quantity": 0, "large_quantity": 0}, "variants": [], "modified_at": "2025-03-25T09:51:41.149462", "imported_at": "2025-04-01T03:42:22.087123"}, {"_id": "63ed9d1b8e3b70c5f1e9e8bc", "item_code": "Lemon Lime Soda", "item_name": "Lemon Lime Soda", "item_group": "Cold Drinks", "image": "Lemon_Lime_Soda.png", "name": "Lemon Lime Soda", "custom_addon_applicable": 0, "custom_combo_applicable": 0, "custom_total_calories": 0, "custom_total_protein": 0, "kitchen": null, "price_list_rate": 50, "ingredients": [], "addons": [], "combos": [], "custom_fields": [], "has_variant_pricing": false, "ice_preference": "without_ice", "ice_price": 0, "sold_quantities": {"large_sold": 0, "medium_sold": 0, "small_sold": 0}, "variant_prices": {"small_price": 0, "medium_price": 0, "large_price": 0}, "variant_quantities": {"small_quantity": 0, "medium_quantity": 0, "large_quantity": 0}, "variants": [], "modified_at": "2025-03-25T09:51:53.540695", "imported_at": "2025-04-01T03:42:22.087602"}, {"_id": "63ed9d1b8e3b70c5f1e9e8bd", "item_code": "Ginger Ale", "item_name": "Ginger Ale", "item_group": "Cold Drinks", "image": "Ginger_Ale.png", "name": "Ginger Ale", "custom_addon_applicable": 0, "custom_combo_applicable": 0, "custom_total_calories": 0, "custom_total_protein": 0, "kitchen": null, "price_list_rate": 80, "ingredients": [], "addons": [], "combos": [], "custom_fields": [], "has_variant_pricing": false, "ice_preference": "without_ice", "ice_price": 0, "sold_quantities": {"large_sold": 0, "medium_sold": 0, "small_sold": 0}, "variant_prices": {"small_price": 0, "medium_price": 0, "large_price": 0}, "variant_quantities": {"small_quantity": 0, "medium_quantity": 0, "large_quantity": 0}, "variants": [], "modified_at": "2025-03-25T09:52:08.130383", "imported_at": "2025-04-01T03:42:22.088073"}, {"_id": "63ed9d1b8e3b70c5f1e9e8be", "item_code": "French Fries", "item_name": "French Fries", "item_group": "Combos", "image": "French-Fries.png", "name": "French Fries", "custom_addon_applicable": false, "custom_combo_applicable": false, "custom_total_calories": 0, "custom_total_protein": 0, "kitchen": "", "price_list_rate": 100, "ingredients": [], "combos": [], "addons": [], "variants": [{"type_of_variants": "Non Spicy", "variant_image": "French-Fries.png"}, {"type_of_variants": "Spicy ", "variant_image": "French-Fries.png"}], "custom_fields": [], "has_variant_pricing": false, "ice_preference": "without_ice", "ice_price": 0, "sold_quantities": {"large_sold": 0, "medium_sold": 0, "small_sold": 0}, "variant_prices": {"small_price": 0, "medium_price": 0, "large_price": 0}, "variant_quantities": {"small_quantity": 0, "medium_quantity": 0, "large_quantity": 0}, "modified_at": "2025-03-21T10:07:17.962591", "imported_at": "2025-04-01T03:42:22.088627"}]