[{"_id": "67d1248018bb95dfe4b72507", "customer": "tharun", "phoneNumber": "4444444444", "tableNumber": "N/A", "deliveryAddress": "sdgdxcbv", "whatsappNumber": "4555555555", "email": "cvhfd@gmail.com", "items": [{"item_name": "Patty", "basePrice": 30, "quantity": 1, "amount": 140, "addons": [{"addon_name": "black tea", "addon_price": 40, "addon_quantity": 1, "addon_image": "", "size": "M"}, {"addon_name": "cola", "addon_price": 50, "addon_quantity": 1, "addon_image": "", "size": "L"}], "selectedCombos": [{"name1": "Cola", "combo_price": 20, "combo_image": "/static/images/Cola.jpeg", "size": "S", "selectedVariant": null}], "kitchen": "Continental Kitchen", "selectedSize": "S"}], "total": 140, "payment_terms": [{"due_date": "2025-03-12", "payment_terms": "Immediate"}], "payments": [{"mode_of_payment": "CASH", "amount": 140}], "date": "2025-03-12", "time": "11:36:56", "vat_amount": 14, "grand_total": 154, "invoice_no": "INV-1741759616", "imported_at": "2025-04-01T03:46:21.540511"}, {"_id": "67d2b663c7c505450dd25f00", "customer": "kyle", "phoneNumber": "+918921083090", "tableNumber": "N/A", "deliveryAddress": {"building_name": "kyle solution", "flat_villa_no": "21", "location": "kozhikode"}, "whatsappNumber": "+918921083090", "email": "kyle@gmail.com", "items": [{"item_name": "Chicken Burger", "basePrice": 120, "quantity": 1, "amount": 120, "addons": [], "selectedCombos": [], "kitchen": "Continental Kitchen", "selectedSize": "M"}], "total": 120, "payment_terms": [{"due_date": "2025-03-13", "payment_terms": "Immediate"}], "payments": [{"mode_of_payment": "CASH", "amount": 120}], "date": "2025-03-13", "time": "16:11:39", "vat_amount": 12, "grand_total": 132, "invoice_no": "INV-1741862499", "imported_at": "2025-04-01T03:46:21.555907"}, {"_id": "67d2ca7d906897c935baa8cc", "customer": "manoj", "phoneNumber": "+918921083091", "tableNumber": "N/A", "deliveryAddress": {"building_name": "gudalur", "flat_villa_no": "20", "location": "tamilnadu"}, "whatsappNumber": "8921083091", "email": "manojmanoj88680@gmail.com", "items": [{"item_name": "Buffalo Sauce", "basePrice": 50, "quantity": 1, "amount": 50, "addons": [], "selectedCombos": [], "kitchen": "Mediterranean Kitchen", "selectedSize": "M"}], "total": 50, "payment_terms": [{"due_date": "2025-03-13", "payment_terms": "Immediate"}], "payments": [{"mode_of_payment": "CASH", "amount": 50}], "date": "2025-03-13", "time": "17:37:25", "vat_amount": 5, "grand_total": 55, "invoice_no": "INV-1741867645", "imported_at": "2025-04-01T03:46:21.556594"}, {"_id": "67d2cd7745ab382e34b7cd96", "customer": "tharun", "phoneNumber": "+916381360779", "tableNumber": "N/A", "deliveryAddress": {"building_name": "tharu", "flat_villa_no": "21", "location": "Tamilnadu"}, "whatsappNumber": "6381360779", "email": "tharumanoj143143@gmail.com", "items": [{"item_name": "Chicken Burger", "basePrice": 120, "quantity": 1, "amount": 120, "addons": [], "selectedCombos": [], "kitchen": "Continental Kitchen", "selectedSize": "M"}, {"item_name": "Patty", "basePrice": 50, "quantity": 1, "amount": 50, "addons": [], "selectedCombos": [], "kitchen": "Continental Kitchen", "selectedSize": "M"}], "total": 170, "payment_terms": [{"due_date": "2025-03-13", "payment_terms": "Immediate"}], "payments": [{"mode_of_payment": "CASH", "amount": 170}], "date": "2025-03-13", "time": "17:50:07", "vat_amount": 17, "grand_total": 187, "invoice_no": "INV-1741868407", "imported_at": "2025-04-01T03:46:21.557167"}, {"_id": "67d401f1955cb240681e6248", "customer": "manoj", "phoneNumber": "+918921083091", "tableNumber": "N/A", "deliveryAddress": {"building_name": "gudalur", "flat_villa_no": "20", "location": "tamilnadu"}, "whatsappNumber": "8921083091", "email": "manojmanoj88680@gmail.com", "items": [{"item_name": "Patty", "basePrice": 50, "quantity": 1, "amount": 50, "addons": [], "selectedCombos": [], "kitchen": "Continental Kitchen", "selectedSize": "M"}], "total": 50, "payment_terms": [{"due_date": "2025-03-14", "payment_terms": "Immediate"}], "payments": [{"mode_of_payment": "CASH", "amount": 50}], "date": "2025-03-14", "time": "15:46:17", "vat_amount": 5, "grand_total": 55, "invoice_no": "INV-1741947377", "imported_at": "2025-04-01T03:46:21.557739"}, {"_id": "67d40263955cb240681e6249", "customer": "tharun", "phoneNumber": "+916381360779", "tableNumber": "N/A", "deliveryAddress": {"building_name": "tharu", "flat_villa_no": "21", "location": "Tamilnadu"}, "whatsappNumber": "6381360779", "email": "tharumanoj143143@gmail.com", "items": [{"item_name": "Patty", "basePrice": 50, "quantity": 1, "amount": 50, "addons": [], "selectedCombos": [], "kitchen": "Continental Kitchen", "selectedSize": "M"}], "total": 50, "payment_terms": [{"due_date": "2025-03-14", "payment_terms": "Immediate"}], "payments": [{"mode_of_payment": "CASH", "amount": 50}], "date": "2025-03-14", "time": "15:48:11", "vat_amount": 5, "grand_total": 55, "invoice_no": "INV-1741947491", "imported_at": "2025-04-01T03:46:21.558314"}, {"_id": "67e26de56506cc68b3870622", "customer": "moidu", "phoneNumber": "+911234567890", "tableNumber": "N/A", "deliveryAddress": {"building_name": "kyle solution", "flat_villa_no": "21", "location": "kerala"}, "whatsappNumber": "1234567891", "email": "test@gmail.com", "items": [{"item_name": "Chicken Burger", "basePrice": 80, "quantity": 1, "amount": 410, "addons": [{"addon_name": "Patty", "addon_price": 30, "addon_quantity": 1, "addon_image": "", "size": "S"}, {"addon_name": "Buffalo Sauce", "addon_price": 30, "addon_quantity": 2, "addon_image": "", "size": "S"}], "selectedCombos": [{"name1": "Cola", "combo_price": 50, "combo_image": "/static/uploads/cola.png", "size": "S", "selectedVariant": null}, {"name1": "Black Tea", "combo_price": 20, "combo_image": "/static/uploads/Black_Tea.png", "size": "M", "selectedVariant": null}, {"name1": "French Fries", "combo_price": 100, "combo_image": "/static/uploads/French-Fries.png", "size": "M", "selectedVariant": {"type": "Non-Soicy", "image": "/static/uploads/French-Fries.png"}}, {"name1": "7 Up", "combo_price": 50, "combo_image": "/static/uploads/7_Up.png", "size": "S", "selectedVariant": null}], "kitchen": "Continental Kitchen", "selectedSize": "S"}, {"item_name": "Cola", "basePrice": 80, "quantity": 1, "amount": 110, "addons": [], "selectedCombos": [], "kitchen": "Main Kitchen", "selectedSize": "M"}], "total": 520, "payment_terms": [{"due_date": "2025-03-25", "payment_terms": "Immediate"}], "payments": [{"mode_of_payment": "CARD", "amount": 520}], "date": "2025-03-25", "time": "14:18:37", "vat_amount": 52, "grand_total": 572, "invoice_no": "INV-1742892517", "status": "Draft", "created_at": "2025-03-25T08:48:37.827748", "imported_at": "2025-04-01T03:46:21.558882"}, {"_id": "67e674b2ad082cc988278653", "customer": "manoj", "phoneNumber": "+918921083090", "tableNumber": "N/A", "deliveryAddress": {"building_name": "kyle solution", "flat_villa_no": "21", "location": "kozhikode"}, "whatsappNumber": "8921083090", "email": "manojmanoj88680@gmail.com", "items": [{"item_name": "Chicken Burger", "basePrice": 80, "quantity": 1, "amount": 500, "addons": [{"addon_name": "Patty", "addon_price": 50, "addon_quantity": 1, "addon_image": "", "size": "M"}, {"addon_name": "Buffalo Sauce", "addon_price": 80, "addon_quantity": 1, "addon_image": "", "size": "L"}], "selectedCombos": [{"name1": "Cola", "combo_price": 50, "combo_image": "/static/uploads/cola.png", "size": "S", "selectedVariant": null}, {"name1": "Black Tea", "combo_price": 20, "combo_image": "/static/uploads/Black_Tea.png", "size": "M", "selectedVariant": null}, {"name1": "French Fries", "combo_price": 100, "combo_image": "/static/uploads/French-Fries.png", "size": "M", "selectedVariant": {"type": "Non-Soicy", "image": "/static/uploads/French-Fries.png"}}, {"name1": "7 Up", "combo_price": 100, "combo_image": "/static/uploads/7_Up.png", "size": "L", "selectedVariant": null}], "kitchen": "Continental Kitchen", "selectedSize": "S"}, {"item_name": "7 Up", "basePrice": 100, "quantity": 1, "amount": 100, "addons": [], "selectedCombos": [], "kitchen": "Main Kitchen", "selectedSize": "L"}, {"item_name": "Cola", "basePrice": 80, "quantity": 1, "amount": 110, "addons": [], "selectedCombos": [], "kitchen": "Main Kitchen", "selectedSize": "M"}, {"item_name": "Watermelon", "basePrice": 130, "quantity": 1, "amount": 130, "addons": [], "selectedCombos": [], "kitchen": "Main Kitchen", "selectedSize": "M"}], "total": 840, "payment_terms": [{"due_date": "2025-03-28", "payment_terms": "Immediate"}], "payments": [{"mode_of_payment": "CASH", "amount": 840}], "date": "2025-03-28", "time": "15:36:42", "vat_amount": 84, "grand_total": 924, "invoice_no": "INV-1743156402", "status": "Draft", "created_at": "2025-03-28T10:06:42.445864", "imported_at": "2025-04-01T03:46:21.562611"}, {"_id": "67e674e4ad082cc988278654", "customer": "moidu", "phoneNumber": "+911234567890", "tableNumber": "N/A", "deliveryAddress": {"building_name": "kyle solution", "flat_villa_no": "21", "location": "kerala"}, "whatsappNumber": "1234567891", "email": "tests1@gmail.com", "items": [{"item_name": "Chicken Burger", "basePrice": 120, "quantity": 1, "amount": 400, "addons": [{"addon_name": "Patty", "addon_price": 50, "addon_quantity": 1, "addon_image": "", "size": "M"}, {"addon_name": "Buffalo Sauce", "addon_price": 50, "addon_quantity": 1, "addon_image": "", "size": "M"}], "selectedCombos": [{"name1": "Cola", "combo_price": 80, "combo_image": "/static/uploads/cola.png", "size": "M", "selectedVariant": null}, {"name1": "French Fries", "combo_price": 100, "combo_image": "/static/uploads/French-Fries.png", "size": "M", "selectedVariant": {"type": "Non-Soicy", "image": "/static/uploads/French-Fries.png"}}], "kitchen": "Continental Kitchen", "selectedSize": "M"}], "total": 400, "payment_terms": [{"due_date": "2025-03-28", "payment_terms": "Immediate"}], "payments": [{"mode_of_payment": "CARD", "amount": 400}], "date": "2025-03-28", "time": "15:37:32", "vat_amount": 40, "grand_total": 440, "invoice_no": "INV-1743156452", "status": "Draft", "created_at": "2025-03-28T10:07:32.005219", "imported_at": "2025-04-01T03:46:21.563119"}, {"_id": "67ef76fa080bfb5baab6c39c", "customer": "manoj", "phoneNumber": "+918921083090", "tableNumber": "N/A", "deliveryAddress": {"building_name": "kyle solution", "flat_villa_no": "21", "location": "kozhikode"}, "whatsappNumber": "8921083090", "email": "manojmanoj88680@gmail.com", "items": [{"item_name": "Chicken Burger", "basePrice": 120.0, "quantity": 1, "amount": 220.0, "addons": [{"addon_name": "Buffalo Sauce", "addon_price": 50.0, "addon_quantity": 1, "addon_image": "", "size": "M"}, {"addon_name": "Patty", "addon_price": 50.0, "addon_quantity": 1, "addon_image": "", "size": "M"}], "selectedCombos": [], "kitchen": "Continental Kitchen", "selectedSize": "M"}], "total": 220, "payment_terms": [{"due_date": "2025-04-04", "payment_terms": "Immediate"}], "payments": [{"mode_of_payment": "CASH", "amount": 220}], "date": "2025-04-04", "time": "11:36:50", "vat_amount": 22.0, "grand_total": 242.0, "invoice_no": "INV-1743746810", "status": "Draft", "created_at": "2025-04-04T06:06:50.862277"}, {"_id": "67ef77dd080bfb5baab6c39f", "customer": "manoj", "phoneNumber": "+918921083090", "tableNumber": "N/A", "deliveryAddress": {"building_name": "kyle solution", "flat_villa_no": "21", "location": "kozhikode"}, "whatsappNumber": "8921083090", "email": "manojmanoj88680@gmail.com", "items": [{"item_name": "Chicken Burger", "basePrice": 120.0, "quantity": 1, "amount": 220.0, "addons": [{"addon_name": "Buffalo Sauce", "addon_price": 50.0, "addon_quantity": 1, "addon_image": "", "size": "M"}, {"addon_name": "Patty", "addon_price": 50.0, "addon_quantity": 1, "addon_image": "", "size": "M"}], "selectedCombos": [], "kitchen": "Continental Kitchen", "selectedSize": "M"}], "total": 220, "payment_terms": [{"due_date": "2025-04-04", "payment_terms": "Immediate"}], "payments": [{"mode_of_payment": "CARD", "amount": 220}], "date": "2025-04-04", "time": "11:40:37", "vat_amount": 22.0, "grand_total": 242.0, "invoice_no": "INV-1743747037", "status": "Draft", "created_at": "2025-04-04T06:10:37.071253"}, {"_id": "67ef79e4080bfb5baab6c3a0", "customer": "ma", "phoneNumber": "+911234123413", "tableNumber": "N/A", "deliveryAddress": {"building_name": "fhfghghj", "flat_villa_no": "21", "location": "fgcfgfd"}, "whatsappNumber": "N/A", "email": "N/A", "items": [{"item_name": "Chicken Burger", "basePrice": 120.0, "quantity": 1, "amount": 220.0, "addons": [{"addon_name": "Patty", "addon_price": 50.0, "addon_quantity": 1, "addon_image": "", "size": "M"}, {"addon_name": "Buffalo Sauce", "addon_price": 50.0, "addon_quantity": 1, "addon_image": "", "size": "M"}], "selectedCombos": [], "kitchen": "Continental Kitchen", "selectedSize": "M"}, {"item_name": "Cola", "basePrice": 80.0, "quantity": 1, "amount": 110.0, "addons": [], "selectedCombos": [], "kitchen": "Main Kitchen", "selectedSize": "M"}, {"item_name": "Pizza", "basePrice": 150.0, "quantity": 1, "amount": 150.0, "addons": [], "selectedCombos": [], "kitchen": "Continental Kitchen", "selectedSize": "M"}], "total": 480, "payment_terms": [{"due_date": "2025-04-04", "payment_terms": "Immediate"}], "payments": [{"mode_of_payment": "CASH", "amount": 480}], "date": "2025-04-04", "time": "11:49:16", "vat_amount": 48.0, "grand_total": 528.0, "invoice_no": "INV-1743747556", "status": "Draft", "created_at": "2025-04-04T06:19:16.163917"}, {"_id": "67ef8d7d096c23ded2f8a9ab", "customer": "manoj", "phoneNumber": "+918921083090", "tableNumber": "N/A", "deliveryAddress": {"building_name": "kyle solution", "flat_villa_no": "21", "location": "kozhikode"}, "whatsappNumber": "8921083090", "email": "manojmanoj88680@gmail.com", "items": [{"item_name": "Chicken Burger", "basePrice": 120.0, "quantity": 1, "amount": 220.0, "addons": [{"addon_name": "Patty", "addon_price": 50.0, "addon_quantity": 1, "addon_image": "", "size": "M"}, {"addon_name": "Buffalo Sauce", "addon_price": 50.0, "addon_quantity": 1, "addon_image": "", "size": "M"}], "selectedCombos": [], "kitchen": "Continental Kitchen", "selectedSize": "M"}, {"item_name": "Coffee", "basePrice": 35.0, "quantity": 1, "amount": 35.0, "addons": [], "selectedCombos": [], "kitchen": "Main Kitchen", "selectedSize": "M"}, {"item_name": "Cola", "basePrice": 80.0, "quantity": 1, "amount": 110.0, "addons": [], "selectedCombos": [], "kitchen": "Main Kitchen", "selectedSize": "M"}, {"item_name": "Watermelon", "basePrice": 130.0, "quantity": 1, "amount": 130.0, "addons": [], "selectedCombos": [], "kitchen": "Main Kitchen", "selectedSize": "M"}], "total": 495, "payment_terms": [{"due_date": "2025-04-04", "payment_terms": "Immediate"}], "payments": [{"mode_of_payment": "CASH", "amount": 495}], "date": "2025-04-04", "time": "13:12:53", "vat_amount": 49.5, "grand_total": 544.5, "invoice_no": "INV-1743752573", "status": "Draft", "created_at": "2025-04-04T07:42:53.089186"}]