[{"_id": "system_settings", "allowConsecutiveLoginAttempts": 5, "allowLoginAfterFail": 60, "allowLoginUsingMobileNumber": false, "allowLoginUsingUserName": true, "denyMultipleSessions": false, "disableUserPassLogin": false, "documentShareKeyExpiry": 30, "enablePasswordPolicy": false, "enableTwoFactorAuth": false, "forceUserToResetPassword": 0, "loginWithEmailLink": false, "logoutOnPasswordReset": false, "minimumPasswordScore": 2, "passwordResetLimit": 3, "resetPasswordLinkExpiryDuration": "24:00", "sessionExpiry": "06:00"}]